1,uniprot,log2fc,modsite,kinase
2,H2AX_HUMAN,3.04,S140,ATM
3,H2AX_HUMAN,3.04,T137,DNAPK
4,H2AX_HUMAN,3.04,S140,DNAPK
5,HMGA1_HUMAN,2.80,S44,DNAPK
6,MRCKG_HUMAN,1.18,S1540,DMPK2
7,TIF1B_HUMAN,2.50,S824,ATM
8,PRPF3_HUMAN,3.62,S619,CK2alpha
9,HS90A_HUMAN,3.79,S263,CK2alpha
10,SIN3A_HUMAN,0.78,S832,CK2alpha
11,CHD3_HUMAN,1.27,S597,CK2alpha
12,KIF11_HUMAN,1.39,T926,CDK1
13,NCK1_HUMAN,1.16,S85,PAK2
14,KPCI_HUMAN,1.66,S247,PKCiota
15,BRCA1_HUMAN,3.14,S1497,CDK2
16,DNLI1_HUMAN,2.17,S66,CK2alpha
17,KAP2_HUMAN,2.06,S80,CK2alpha
18,KAP2_HUMAN,1.71,S78,CK2alpha
19,MAX_HUMAN,1.59,S144,CK2alpha
20,TCP4_HUMAN,1.05,S17,CK2alpha
21,NOLC1_HUMAN,0.76,S173,CK2alpha
22,NOLC1_HUMAN,1.43,S431,CK2alpha
23,NOLC1_HUMAN,3.21,S332,CK2alpha
24,KPCD2_HUMAN,1.77,S710,PKD2
25,PTTG1_HUMAN,1.90,S165,CDK1
26,TOP2A_HUMAN,2.32,S1106,CK2alpha
27,TRRAP_HUMAN,0.90,S1628,CDK4
28,CHD4_HUMAN,4.97,S1349,CK2alpha
29,MPIP2_HUMAN,1.47,S353,AuroraA
30,KI67_HUMAN,2.13,T1923,CDK1
31,MAP4_HUMAN,1.76,S358,CDK1
32,NUMA1_HUMAN,1.78,S1757,CDK1
33,FAK1_HUMAN,1.03,S910,MAPK1
34,KI67_HUMAN,2.87,S1740,AuroraA
35,HMGA1_HUMAN,2.18,S9,DNAPK
36,EZH2_HUMAN,0.96,T367,CDK1
37,EZH2_HUMAN,0.96,T367,CDK2
38,TP53B_HUMAN,1.95,T1056,CDK1
39,HAP28_HUMAN,2.43,S60,CK2alpha
40,HAP28_HUMAN,1.79,S63,CK2alpha
41,IPP2_HUMAN,1.04,S121,CK2alpha
42,NUCKS_HUMAN,2.10,T202,CDK1
43,NUCKS_HUMAN,2.10,S214,CDK1
44,EF1D_HUMAN,0.61,S162,CK2alpha
45,HNRPC_HUMAN,1.67,S233,CK2alpha
46,BOREA_HUMAN,1.10,S219,CDK1
47,MDC1_HUMAN,1.08,S955,ATM
48,GBF1_HUMAN,0.71,S1789,CDK1
49,HSF1_HUMAN,0.90,S303,MAPK3
50,CLASR_HUMAN,1.37,S294,CLK4
51,NOLC1_HUMAN,0.80,S126,CK2alpha
52,AAKB2_HUMAN,1.98,T40,AMPKa1
53,BRCA1_HUMAN,3.14,S1497,CDK1
54,IWS1_HUMAN,2.01,S54,CK2alpha
55,IWS1_HUMAN,0.63,S398,CK2alpha
56,IWS1_HUMAN,1.19,S377,CK2alpha
57,IWS1_HUMAN,1.89,S438,CK2alpha
58,IWS1_HUMAN,2.31,S400,CK2alpha
59,TOP2A_HUMAN,1.57,S1392,AuroraA
60,ARHG6_HUMAN,2.33,S488,PAK3
61,KAT7_HUMAN,1.47,S57,CDK1
62,ARHG2_HUMAN,1.35,S932,CDK1
63,PARD3_HUMAN,4.38,S852,PKCiota
64,CIZ1_HUMAN,1.02,S838,CDK2
65,BRCA1_HUMAN,3.14,S1497,CDK5
66,H2AX_HUMAN,3.04,T137,ATM
67,TP53B_HUMAN,3.54,S1430,CDK1
68,NUMA1_HUMAN,1.04,S1991,AuroraA
69,NUCKS_HUMAN,0.93,S204,CDK1
70,FAK1_HUMAN,1.03,S910,MAPK3
71,CTR9_HUMAN,2.36,S1102,CK2alpha
72,EIF3C_HUMAN,1.18,S39,CK2alpha
73,IF4G1_HUMAN,1.17,S1238,CK2alpha
74,KI67_HUMAN,2.63,S2708,CDK1
75,NUMA1_HUMAN,1.01,S271,CDK1
76,NCK1_HUMAN,1.16,S85,PAK3
77,WASL_HUMAN,1.12,Y256,EphB2
78,SRSF1_HUMAN,0.90,S205,CLK1
79,IF4B_HUMAN,2.95,S442,p70S6K
80,KI67_HUMAN,3.05,S1496,AuroraA
81,NUCL_HUMAN,2.55,S580,CK2alpha
82,HNRPC_HUMAN,2.75,S241,CK1alpha
83,CTNB1_HUMAN,1.49,S552,TGFbR2
84,E2F8_HUMAN,1.44,S417,CDK1
85,P66A_HUMAN,1.10,S137,CK2alpha
86,HS90A_HUMAN,3.80,S263,CK2a2
87,ARRB1_HUMAN,0.84,T410,GRK2
88,TP53B_HUMAN,1.93,S552,CDK1
89,IPP2_HUMAN,1.00,S121,CK2a2
90,JUNB_HUMAN,0.90,T255,MAPK8
91,BAD_HUMAN,1.44,S118,RSK3
92,NFIC_HUMAN,1.70,S333,MAPK3
93,AJUBA_HUMAN,1.24,S119,HIPK2
94,HMGA1_HUMAN,2.59,S36,HIPK2
95,OSBP1_HUMAN,1.11,S240,PKD1
96,TADA3_HUMAN,1.11,T297,HIPK2
97,KAP2_HUMAN,2.06,S80,GRK2
98,CDK1_HUMAN,0.83,T14,TTK
99,HNRPC_HUMAN,1.67,S233,CK2a2
100,ZCHC8_HUMAN,1.07,T479,GSK3beta
101,DAXX_HUMAN,2.00,S671,MAPK9
102,JUNB_HUMAN,0.90,T255,MAPK9
103,NFAC3_HUMAN,1.56,S1063,MAPK9
104,HSF1_HUMAN,0.90,S303,MAPK9
105,SRSF2_HUMAN,3.30,S208,CLK1
106,SRSF2_HUMAN,0.63,S191,CLK1
107,SRSF2_HUMAN,0.60,S189,CLK1
108,AZI1_HUMAN,1.25,S417,CDK1
109,CCDC6_HUMAN,1.00,S244,MAPK3
110,AAKB2_HUMAN,2.00,T40,AMPKa2
111,SL9A1_HUMAN,2.25,S703,PKBalpha
112,TP53B_HUMAN,0.90,S380,CDK1
113,SRSF6_HUMAN,1.20,S303,CLK1
114,ARRB1_HUMAN,0.80,T410,MAPK3
115,DEDD_HUMAN,1.24,S182,PKBalpha
116,BAD_HUMAN,1.40,S118,PKAbeta
117,BAD_HUMAN,1.40,S118,PKAgamma
118,NFAC3_HUMAN,1.60,S1063,GSK3beta
119,CTNB1_HUMAN,1.50,S552,PKAbeta
120,CTNB1_HUMAN,1.50,S552,PKAgamma
121,APC_HUMAN,0.70,S2674,CK1alpha
122,DDX23_HUMAN,1.40,S109,CLK1
123,NCOR2_HUMAN,3.30,S554,CK2alpha
124,F262_HUMAN,1.30,S466,PKBalpha
125,AHNK_HUMAN,1.90,S212,PKBalpha
126,HDAC4_HUMAN,1.80,S565,CK2alpha
127,ARBK1_HUMAN,2.40,S670,MAPK3
128,MAX_HUMAN,1.60,S144,GSK3beta
129,KAP2_HUMAN,2.10,S80,CK1alpha
130,DDX23_HUMAN,1.40,S107,CLK1
131,JIP4_HUMAN,0.90,S251,MAPK8
132,HSF1_HUMAN,0.90,S303,MAPK8
133,APC_HUMAN,0.70,S2674,GSK3beta
134,AZI1_HUMAN,1.30,S417,CK1delta
135,SRBS2_HUMAN,1.70,S259,PAK1
136,ARHG6_HUMAN,2.30,S488,PAK1
137,DEK_HUMAN,3.20,S306,CK2alpha
138,FOXO3_HUMAN,1.30,S284,GSK3beta
139,IF5_HUMAN,1.80,S419,CK2alpha
140,HMGA1_HUMAN,2.60,S36,CDK1
141,RB_HUMAN,1.60,S37,CK2alpha
142,LC7L3_HUMAN,0.80,T238,CLK1
143,DEK_HUMAN,3.20,S306,CK1delta
144,SMG1_HUMAN,1.60,S136,PKCiota
145,BAD_HUMAN,1.40,S118,PAK1
146,SRBS2_HUMAN,1.70,S259,PKBalpha
147,NCK1_HUMAN,1.20,S85,PAK1
148,API5_HUMAN,1.60,S464,CK1alpha
149,G3BP2_HUMAN,2.90,T227,NLK
150,RBM39_HUMAN,1.00,S136,CLK1
151,CTNB1_HUMAN,1.50,S552,CK1alpha
152,KI67_HUMAN,0.90,T1764,TTK
153,TIF1B_HUMAN,2.50,S824,DNAPK
154,NFAC3_HUMAN,1.60,S1063,MAPK8
155,PPIG_HUMAN,3.20,S415,CLK1
156,EI2BE_HUMAN,3.50,S544,CK1alpha
157,TP53B_HUMAN,3.10,S500,CDK1
158,DCAF5_HUMAN,1.50,S628,HIPK2
159,LEO1_HUMAN,3.00,S171,CDK7
160,KPCD_HUMAN,1.70,Y313,Lyn
161,CENPF_HUMAN,2.50,S821,CDK1
162,RB_HUMAN,1.60,S37,CK1alpha
163,STMN1_HUMAN,1.30,S31,CK2alpha
164,NFIC_HUMAN,1.00,S339,MAPK3
165,SRSF6_HUMAN,1.40,S301,CLK1
166,SMRC2_HUMAN,1.00,S304,PKBalpha
167,SRC8_HUMAN,2.10,T401,PKBalpha
